file,identity,split,label
crops/S01/S01_s1_c1.png,S01,train,0
crops_sim_aug/S01/S01_s1_c1.png,S01,train,0
crops_sim/S01/S01_s1_c10.png,S01,val,0
crops_sim/S01/S01_s1_c11.png,S01,test,0
crops_sim/S01/S01_s1_c12.png,S01,test,0
crops/S01/S01_s1_c2.png,S01,train,0
crops_sim_aug/S01/S01_s1_c2.png,S01,train,0
crops/S01/S01_s1_c3.png,S01,train,0
crops_sim_aug/S01/S01_s1_c3.png,S01,train,0
crops/S01/S01_s1_c4.png,S01,train,0
crops_sim_aug/S01/S01_s1_c4.png,S01,train,0
crops/S01/S01_s1_c5.png,S01,train,0
crops_sim_aug/S01/S01_s1_c5.png,S01,train,0
crops/S01/S01_s1_c6.png,S01,train,0
crops_sim_aug/S01/S01_s1_c6.png,S01,train,0
crops/S01/S01_s1_c7.png,S01,train,0
crops_sim_aug/S01/S01_s1_c7.png,S01,train,0
crops/S01/S01_s1_c8.png,S01,train,0
crops_sim_aug/S01/S01_s1_c8.png,S01,train,0
crops_sim/S01/S01_s1_c9.png,S01,val,0
crops/S02/S02_s1_c1.png,S02,train,1
crops_sim_aug/S02/S02_s1_c1.png,S02,train,1
crops_sim/S02/S02_s1_c10.png,S02,val,1
crops_sim/S02/S02_s1_c11.png,S02,test,1
crops_sim/S02/S02_s1_c12.png,S02,test,1
crops/S02/S02_s1_c2.png,S02,train,1
crops_sim_aug/S02/S02_s1_c2.png,S02,train,1
crops/S02/S02_s1_c3.png,S02,train,1
crops_sim_aug/S02/S02_s1_c3.png,S02,train,1
crops/S02/S02_s1_c4.png,S02,train,1
crops_sim_aug/S02/S02_s1_c4.png,S02,train,1
crops/S02/S02_s1_c5.png,S02,train,1
crops_sim_aug/S02/S02_s1_c5.png,S02,train,1
crops/S02/S02_s1_c6.png,S02,train,1
crops_sim_aug/S02/S02_s1_c6.png,S02,train,1
crops/S02/S02_s1_c7.png,S02,train,1
crops_sim_aug/S02/S02_s1_c7.png,S02,train,1
crops/S02/S02_s1_c8.png,S02,train,1
crops_sim_aug/S02/S02_s1_c8.png,S02,train,1
crops_sim/S02/S02_s1_c9.png,S02,val,1
crops/S03/S03_s1_c1.png,S03,train,2
crops_sim_aug/S03/S03_s1_c1.png,S03,train,2
crops_sim/S03/S03_s1_c10.png,S03,val,2
crops_sim/S03/S03_s1_c11.png,S03,test,2
crops_sim/S03/S03_s1_c12.png,S03,test,2
crops/S03/S03_s1_c2.png,S03,train,2
crops_sim_aug/S03/S03_s1_c2.png,S03,train,2
crops/S03/S03_s1_c3.png,S03,train,2
crops_sim_aug/S03/S03_s1_c3.png,S03,train,2
crops/S03/S03_s1_c4.png,S03,train,2
crops_sim_aug/S03/S03_s1_c4.png,S03,train,2
crops/S03/S03_s1_c5.png,S03,train,2
crops_sim_aug/S03/S03_s1_c5.png,S03,train,2
crops/S03/S03_s1_c6.png,S03,train,2
crops_sim_aug/S03/S03_s1_c6.png,S03,train,2
crops/S03/S03_s1_c7.png,S03,train,2
crops_sim_aug/S03/S03_s1_c7.png,S03,train,2
crops/S03/S03_s1_c8.png,S03,train,2
crops_sim_aug/S03/S03_s1_c8.png,S03,train,2
crops_sim/S03/S03_s1_c9.png,S03,val,2
crops/S04/S04_s1_c1.png,S04,train,3
crops_sim_aug/S04/S04_s1_c1.png,S04,train,3
crops_sim/S04/S04_s1_c10.png,S04,val,3
crops_sim/S04/S04_s1_c11.png,S04,test,3
crops_sim/S04/S04_s1_c12.png,S04,test,3
crops/S04/S04_s1_c2.png,S04,train,3
crops_sim_aug/S04/S04_s1_c2.png,S04,train,3
crops/S04/S04_s1_c3.png,S04,train,3
crops_sim_aug/S04/S04_s1_c3.png,S04,train,3
crops/S04/S04_s1_c4.png,S04,train,3
crops_sim_aug/S04/S04_s1_c4.png,S04,train,3
crops/S04/S04_s1_c5.png,S04,train,3
crops_sim_aug/S04/S04_s1_c5.png,S04,train,3
crops/S04/S04_s1_c6.png,S04,train,3
crops_sim_aug/S04/S04_s1_c6.png,S04,train,3
crops/S04/S04_s1_c7.png,S04,train,3
crops_sim_aug/S04/S04_s1_c7.png,S04,train,3
crops/S04/S04_s1_c8.png,S04,train,3
crops_sim_aug/S04/S04_s1_c8.png,S04,train,3
crops_sim/S04/S04_s1_c9.png,S04,val,3
crops/S05/S05_s1_c1.png,S05,train,4
crops_sim_aug/S05/S05_s1_c1.png,S05,train,4
crops_sim/S05/S05_s1_c10.png,S05,val,4
crops_sim/S05/S05_s1_c11.png,S05,test,4
crops_sim/S05/S05_s1_c12.png,S05,test,4
crops/S05/S05_s1_c2.png,S05,train,4
crops_sim_aug/S05/S05_s1_c2.png,S05,train,4
crops/S05/S05_s1_c3.png,S05,train,4
crops_sim_aug/S05/S05_s1_c3.png,S05,train,4
crops/S05/S05_s1_c4.png,S05,train,4
crops_sim_aug/S05/S05_s1_c4.png,S05,train,4
crops/S05/S05_s1_c5.png,S05,train,4
crops_sim_aug/S05/S05_s1_c5.png,S05,train,4
crops/S05/S05_s1_c6.png,S05,train,4
crops_sim_aug/S05/S05_s1_c6.png,S05,train,4
crops/S05/S05_s1_c7.png,S05,train,4
crops_sim_aug/S05/S05_s1_c7.png,S05,train,4
crops/S05/S05_s1_c8.png,S05,train,4
crops_sim_aug/S05/S05_s1_c8.png,S05,train,4
crops_sim/S05/S05_s1_c9.png,S05,val,4
crops/S06/S06_s1_c1.png,S06,train,5
crops_sim_aug/S06/S06_s1_c1.png,S06,train,5
crops_sim/S06/S06_s1_c10.png,S06,val,5
crops_sim/S06/S06_s1_c11.png,S06,test,5
crops_sim/S06/S06_s1_c12.png,S06,test,5
crops/S06/S06_s1_c2.png,S06,train,5
crops_sim_aug/S06/S06_s1_c2.png,S06,train,5
crops/S06/S06_s1_c3.png,S06,train,5
crops_sim_aug/S06/S06_s1_c3.png,S06,train,5
crops/S06/S06_s1_c4.png,S06,train,5
crops_sim_aug/S06/S06_s1_c4.png,S06,train,5
crops/S06/S06_s1_c5.png,S06,train,5
crops_sim_aug/S06/S06_s1_c5.png,S06,train,5
crops/S06/S06_s1_c6.png,S06,train,5
crops_sim_aug/S06/S06_s1_c6.png,S06,train,5
crops/S06/S06_s1_c7.png,S06,train,5
crops_sim_aug/S06/S06_s1_c7.png,S06,train,5
crops/S06/S06_s1_c8.png,S06,train,5
crops_sim_aug/S06/S06_s1_c8.png,S06,train,5
crops_sim/S06/S06_s1_c9.png,S06,val,5
crops/S07/S07_s1_c1.png,S07,train,6
crops_sim_aug/S07/S07_s1_c1.png,S07,train,6
crops_sim/S07/S07_s1_c10.png,S07,val,6
crops_sim/S07/S07_s1_c11.png,S07,test,6
crops_sim/S07/S07_s1_c12.png,S07,test,6
crops/S07/S07_s1_c2.png,S07,train,6
crops_sim_aug/S07/S07_s1_c2.png,S07,train,6
crops/S07/S07_s1_c3.png,S07,train,6
crops_sim_aug/S07/S07_s1_c3.png,S07,train,6
crops/S07/S07_s1_c4.png,S07,train,6
crops_sim_aug/S07/S07_s1_c4.png,S07,train,6
crops/S07/S07_s1_c5.png,S07,train,6
crops_sim_aug/S07/S07_s1_c5.png,S07,train,6
crops/S07/S07_s1_c6.png,S07,train,6
crops_sim_aug/S07/S07_s1_c6.png,S07,train,6
crops/S07/S07_s1_c7.png,S07,train,6
crops_sim_aug/S07/S07_s1_c7.png,S07,train,6
crops/S07/S07_s1_c8.png,S07,train,6
crops_sim_aug/S07/S07_s1_c8.png,S07,train,6
crops_sim/S07/S07_s1_c9.png,S07,val,6
crops/S08/S08_s1_c1.png,S08,train,7
crops_sim_aug/S08/S08_s1_c1.png,S08,train,7
crops_sim/S08/S08_s1_c10.png,S08,val,7
crops_sim/S08/S08_s1_c11.png,S08,test,7
crops_sim/S08/S08_s1_c12.png,S08,test,7
crops/S08/S08_s1_c2.png,S08,train,7
crops_sim_aug/S08/S08_s1_c2.png,S08,train,7
crops/S08/S08_s1_c3.png,S08,train,7
crops_sim_aug/S08/S08_s1_c3.png,S08,train,7
crops/S08/S08_s1_c4.png,S08,train,7
crops_sim_aug/S08/S08_s1_c4.png,S08,train,7
crops/S08/S08_s1_c5.png,S08,train,7
crops_sim_aug/S08/S08_s1_c5.png,S08,train,7
crops/S08/S08_s1_c6.png,S08,train,7
crops_sim_aug/S08/S08_s1_c6.png,S08,train,7
crops/S08/S08_s1_c7.png,S08,train,7
crops_sim_aug/S08/S08_s1_c7.png,S08,train,7
crops/S08/S08_s1_c8.png,S08,train,7
crops_sim_aug/S08/S08_s1_c8.png,S08,train,7
crops_sim/S08/S08_s1_c9.png,S08,val,7
crops/S09/S09_s1_c1.png,S09,train,8
crops_sim_aug/S09/S09_s1_c1.png,S09,train,8
crops_sim/S09/S09_s1_c10.png,S09,val,8
crops_sim/S09/S09_s1_c11.png,S09,test,8
crops_sim/S09/S09_s1_c12.png,S09,test,8
crops/S09/S09_s1_c2.png,S09,train,8
crops_sim_aug/S09/S09_s1_c2.png,S09,train,8
crops/S09/S09_s1_c3.png,S09,train,8
crops_sim_aug/S09/S09_s1_c3.png,S09,train,8
crops/S09/S09_s1_c4.png,S09,train,8
crops_sim_aug/S09/S09_s1_c4.png,S09,train,8
crops/S09/S09_s1_c5.png,S09,train,8
crops_sim_aug/S09/S09_s1_c5.png,S09,train,8
crops/S09/S09_s1_c6.png,S09,train,8
crops_sim_aug/S09/S09_s1_c6.png,S09,train,8
crops/S09/S09_s1_c7.png,S09,train,8
crops_sim_aug/S09/S09_s1_c7.png,S09,train,8
crops/S09/S09_s1_c8.png,S09,train,8
crops_sim_aug/S09/S09_s1_c8.png,S09,train,8
crops_sim/S09/S09_s1_c9.png,S09,val,8
crops/S10/S10_s1_c1.png,S10,train,9
crops_sim_aug/S10/S10_s1_c1.png,S10,train,9
crops_sim/S10/S10_s1_c10.png,S10,val,9
crops_sim/S10/S10_s1_c11.png,S10,test,9
crops_sim/S10/S10_s1_c12.png,S10,test,9
crops/S10/S10_s1_c2.png,S10,train,9
crops_sim_aug/S10/S10_s1_c2.png,S10,train,9
crops/S10/S10_s1_c3.png,S10,train,9
crops_sim_aug/S10/S10_s1_c3.png,S10,train,9
crops/S10/S10_s1_c4.png,S10,train,9
crops_sim_aug/S10/S10_s1_c4.png,S10,train,9
crops/S10/S10_s1_c5.png,S10,train,9
crops_sim_aug/S10/S10_s1_c5.png,S10,train,9
crops/S10/S10_s1_c6.png,S10,train,9
crops_sim_aug/S10/S10_s1_c6.png,S10,train,9
crops/S10/S10_s1_c7.png,S10,train,9
crops_sim_aug/S10/S10_s1_c7.png,S10,train,9
crops/S10/S10_s1_c8.png,S10,train,9
crops_sim_aug/S10/S10_s1_c8.png,S10,train,9
crops_sim/S10/S10_s1_c9.png,S10,val,9
crops/S11/S11_s1_c1.png,S11,train,10
crops_sim_aug/S11/S11_s1_c1.png,S11,train,10
crops_sim/S11/S11_s1_c10.png,S11,val,10
crops_sim/S11/S11_s1_c11.png,S11,test,10
crops_sim/S11/S11_s1_c12.png,S11,test,10
crops/S11/S11_s1_c2.png,S11,train,10
crops_sim_aug/S11/S11_s1_c2.png,S11,train,10
crops/S11/S11_s1_c3.png,S11,train,10
crops_sim_aug/S11/S11_s1_c3.png,S11,train,10
crops/S11/S11_s1_c4.png,S11,train,10
crops_sim_aug/S11/S11_s1_c4.png,S11,train,10
crops/S11/S11_s1_c5.png,S11,train,10
crops_sim_aug/S11/S11_s1_c5.png,S11,train,10
crops/S11/S11_s1_c6.png,S11,train,10
crops_sim_aug/S11/S11_s1_c6.png,S11,train,10
crops/S11/S11_s1_c7.png,S11,train,10
crops_sim_aug/S11/S11_s1_c7.png,S11,train,10
crops/S11/S11_s1_c8.png,S11,train,10
crops_sim_aug/S11/S11_s1_c8.png,S11,train,10
crops_sim/S11/S11_s1_c9.png,S11,val,10
crops/S12/S12_s1_c1.png,S12,train,11
crops_sim_aug/S12/S12_s1_c1.png,S12,train,11
crops_sim/S12/S12_s1_c10.png,S12,val,11
crops_sim/S12/S12_s1_c11.png,S12,test,11
crops_sim/S12/S12_s1_c12.png,S12,test,11
crops/S12/S12_s1_c2.png,S12,train,11
crops_sim_aug/S12/S12_s1_c2.png,S12,train,11
crops/S12/S12_s1_c3.png,S12,train,11
crops_sim_aug/S12/S12_s1_c3.png,S12,train,11
crops/S12/S12_s1_c4.png,S12,train,11
crops_sim_aug/S12/S12_s1_c4.png,S12,train,11
crops/S12/S12_s1_c5.png,S12,train,11
crops_sim_aug/S12/S12_s1_c5.png,S12,train,11
crops/S12/S12_s1_c6.png,S12,train,11
crops_sim_aug/S12/S12_s1_c6.png,S12,train,11
crops/S12/S12_s1_c7.png,S12,train,11
crops_sim_aug/S12/S12_s1_c7.png,S12,train,11
crops/S12/S12_s1_c8.png,S12,train,11
crops_sim_aug/S12/S12_s1_c8.png,S12,train,11
crops_sim/S12/S12_s1_c9.png,S12,val,11
crops/S13/S13_s1_c1.png,S13,train,12
crops_sim_aug/S13/S13_s1_c1.png,S13,train,12
crops_sim/S13/S13_s1_c10.png,S13,val,12
crops_sim/S13/S13_s1_c11.png,S13,test,12
crops_sim/S13/S13_s1_c12.png,S13,test,12
crops/S13/S13_s1_c2.png,S13,train,12
crops_sim_aug/S13/S13_s1_c2.png,S13,train,12
crops/S13/S13_s1_c3.png,S13,train,12
crops_sim_aug/S13/S13_s1_c3.png,S13,train,12
crops/S13/S13_s1_c4.png,S13,train,12
crops_sim_aug/S13/S13_s1_c4.png,S13,train,12
crops/S13/S13_s1_c5.png,S13,train,12
crops_sim_aug/S13/S13_s1_c5.png,S13,train,12
crops/S13/S13_s1_c6.png,S13,train,12
crops_sim_aug/S13/S13_s1_c6.png,S13,train,12
crops/S13/S13_s1_c7.png,S13,train,12
crops_sim_aug/S13/S13_s1_c7.png,S13,train,12
crops/S13/S13_s1_c8.png,S13,train,12
crops_sim_aug/S13/S13_s1_c8.png,S13,train,12
crops_sim/S13/S13_s1_c9.png,S13,val,12
crops/S14/S14_s1_c1.png,S14,train,13
crops_sim_aug/S14/S14_s1_c1.png,S14,train,13
crops_sim/S14/S14_s1_c10.png,S14,val,13
crops_sim/S14/S14_s1_c11.png,S14,test,13
crops_sim/S14/S14_s1_c12.png,S14,test,13
crops/S14/S14_s1_c2.png,S14,train,13
crops_sim_aug/S14/S14_s1_c2.png,S14,train,13
crops/S14/S14_s1_c3.png,S14,train,13
crops_sim_aug/S14/S14_s1_c3.png,S14,train,13
crops/S14/S14_s1_c4.png,S14,train,13
crops_sim_aug/S14/S14_s1_c4.png,S14,train,13
crops/S14/S14_s1_c5.png,S14,train,13
crops_sim_aug/S14/S14_s1_c5.png,S14,train,13
crops/S14/S14_s1_c6.png,S14,train,13
crops_sim_aug/S14/S14_s1_c6.png,S14,train,13
crops/S14/S14_s1_c7.png,S14,train,13
crops_sim_aug/S14/S14_s1_c7.png,S14,train,13
crops/S14/S14_s1_c8.png,S14,train,13
crops_sim_aug/S14/S14_s1_c8.png,S14,train,13
crops_sim/S14/S14_s1_c9.png,S14,val,13
crops/S15/S15_s1_c1.png,S15,train,14
crops_sim_aug/S15/S15_s1_c1.png,S15,train,14
crops_sim/S15/S15_s1_c10.png,S15,val,14
crops_sim/S15/S15_s1_c11.png,S15,test,14
crops_sim/S15/S15_s1_c12.png,S15,test,14
crops/S15/S15_s1_c2.png,S15,train,14
crops_sim_aug/S15/S15_s1_c2.png,S15,train,14
crops/S15/S15_s1_c3.png,S15,train,14
crops_sim_aug/S15/S15_s1_c3.png,S15,train,14
crops/S15/S15_s1_c4.png,S15,train,14
crops_sim_aug/S15/S15_s1_c4.png,S15,train,14
crops/S15/S15_s1_c5.png,S15,train,14
crops_sim_aug/S15/S15_s1_c5.png,S15,train,14
crops/S15/S15_s1_c6.png,S15,train,14
crops_sim_aug/S15/S15_s1_c6.png,S15,train,14
crops/S15/S15_s1_c7.png,S15,train,14
crops_sim_aug/S15/S15_s1_c7.png,S15,train,14
crops/S15/S15_s1_c8.png,S15,train,14
crops_sim_aug/S15/S15_s1_c8.png,S15,train,14
crops_sim/S15/S15_s1_c9.png,S15,val,14
crops_sim/U01/U01_s1_c1.png,U01,unk_val,-1
crops_sim/U01/U01_s1_c10.png,U01,unk_val,-1
crops_sim/U01/U01_s1_c11.png,U01,unk_val,-1
crops_sim/U01/U01_s1_c12.png,U01,unk_val,-1
crops_sim/U01/U01_s1_c2.png,U01,unk_val,-1
crops_sim/U01/U01_s1_c3.png,U01,unk_val,-1
crops_sim/U01/U01_s1_c4.png,U01,unk_val,-1
crops_sim/U01/U01_s1_c5.png,U01,unk_val,-1
crops_sim/U01/U01_s1_c6.png,U01,unk_val,-1
crops_sim/U01/U01_s1_c7.png,U01,unk_val,-1
crops_sim/U01/U01_s1_c8.png,U01,unk_val,-1
crops_sim/U01/U01_s1_c9.png,U01,unk_val,-1
crops_sim/U02/U02_s1_c1.png,U02,unk_val,-1
crops_sim/U02/U02_s1_c10.png,U02,unk_val,-1
crops_sim/U02/U02_s1_c11.png,U02,unk_val,-1
crops_sim/U02/U02_s1_c12.png,U02,unk_val,-1
crops_sim/U02/U02_s1_c2.png,U02,unk_val,-1
crops_sim/U02/U02_s1_c3.png,U02,unk_val,-1
crops_sim/U02/U02_s1_c4.png,U02,unk_val,-1
crops_sim/U02/U02_s1_c5.png,U02,unk_val,-1
crops_sim/U02/U02_s1_c6.png,U02,unk_val,-1
crops_sim/U02/U02_s1_c7.png,U02,unk_val,-1
crops_sim/U02/U02_s1_c8.png,U02,unk_val,-1
crops_sim/U02/U02_s1_c9.png,U02,unk_val,-1
crops_sim/U03/U03_s1_c1.png,U03,unk_test,-1
crops_sim/U03/U03_s1_c10.png,U03,unk_test,-1
crops_sim/U03/U03_s1_c11.png,U03,unk_test,-1
crops_sim/U03/U03_s1_c12.png,U03,unk_test,-1
crops_sim/U03/U03_s1_c2.png,U03,unk_test,-1
crops_sim/U03/U03_s1_c3.png,U03,unk_test,-1
crops_sim/U03/U03_s1_c4.png,U03,unk_test,-1
crops_sim/U03/U03_s1_c5.png,U03,unk_test,-1
crops_sim/U03/U03_s1_c6.png,U03,unk_test,-1
crops_sim/U03/U03_s1_c7.png,U03,unk_test,-1
crops_sim/U03/U03_s1_c8.png,U03,unk_test,-1
crops_sim/U03/U03_s1_c9.png,U03,unk_test,-1
crops_sim/U04/U04_s1_c1.png,U04,unk_test,-1
crops_sim/U04/U04_s1_c10.png,U04,unk_test,-1
crops_sim/U04/U04_s1_c11.png,U04,unk_test,-1
crops_sim/U04/U04_s1_c12.png,U04,unk_test,-1
crops_sim/U04/U04_s1_c2.png,U04,unk_test,-1
crops_sim/U04/U04_s1_c3.png,U04,unk_test,-1
crops_sim/U04/U04_s1_c4.png,U04,unk_test,-1
crops_sim/U04/U04_s1_c5.png,U04,unk_test,-1
crops_sim/U04/U04_s1_c6.png,U04,unk_test,-1
crops_sim/U04/U04_s1_c7.png,U04,unk_test,-1
crops_sim/U04/U04_s1_c8.png,U04,unk_test,-1
crops_sim/U04/U04_s1_c9.png,U04,unk_test,-1
crops_sim/U05/U05_s1_c1.png,U05,unk_test,-1
crops_sim/U05/U05_s1_c10.png,U05,unk_test,-1
crops_sim/U05/U05_s1_c11.png,U05,unk_test,-1
crops_sim/U05/U05_s1_c12.png,U05,unk_test,-1
crops_sim/U05/U05_s1_c2.png,U05,unk_test,-1
crops_sim/U05/U05_s1_c3.png,U05,unk_test,-1
crops_sim/U05/U05_s1_c4.png,U05,unk_test,-1
crops_sim/U05/U05_s1_c5.png,U05,unk_test,-1
crops_sim/U05/U05_s1_c6.png,U05,unk_test,-1
crops_sim/U05/U05_s1_c7.png,U05,unk_test,-1
crops_sim/U05/U05_s1_c8.png,U05,unk_test,-1
crops_sim/U05/U05_s1_c9.png,U05,unk_test,-1
