file,identity,group,sheet,condition,split,qc,prompt_version
crops/S01/S01_s1_c1.png,S01,enrolled,1,A,train,ok,v1
crops_sim_aug/S01/S01_s1_c1.png,S01,enrolled,1,B,train,ok,v1
crops_sim/S01/S01_s1_c10.png,S01,enrolled,1,B,val,ok,v1
crops_sim/S01/S01_s1_c11.png,S01,enrolled,1,C,test,ok,v1
crops_sim/S01/S01_s1_c12.png,S01,enrolled,1,C,test,ok,v1
crops/S01/S01_s1_c2.png,S01,enrolled,1,A,train,ok,v1
crops_sim_aug/S01/S01_s1_c2.png,S01,enrolled,1,B,train,ok,v1
crops/S01/S01_s1_c3.png,S01,enrolled,1,A,train,ok,v1
crops_sim_aug/S01/S01_s1_c3.png,S01,enrolled,1,B,train,ok,v1
crops/S01/S01_s1_c4.png,S01,enrolled,1,A,train,ok,v1
crops_sim_aug/S01/S01_s1_c4.png,S01,enrolled,1,B,train,ok,v1
crops/S01/S01_s1_c5.png,S01,enrolled,1,A,train,ok,v1
crops_sim_aug/S01/S01_s1_c5.png,S01,enrolled,1,B,train,ok,v1
crops/S01/S01_s1_c6.png,S01,enrolled,1,A,train,ok,v1
crops_sim_aug/S01/S01_s1_c6.png,S01,enrolled,1,B,train,ok,v1
crops/S01/S01_s1_c7.png,S01,enrolled,1,A,train,ok,v1
crops_sim_aug/S01/S01_s1_c7.png,S01,enrolled,1,B,train,ok,v1
crops/S01/S01_s1_c8.png,S01,enrolled,1,A,train,ok,v1
crops_sim_aug/S01/S01_s1_c8.png,S01,enrolled,1,B,train,ok,v1
crops_sim/S01/S01_s1_c9.png,S01,enrolled,1,B,val,ok,v1
crops/S02/S02_s1_c1.png,S02,enrolled,1,A,train,ok,v1
crops_sim_aug/S02/S02_s1_c1.png,S02,enrolled,1,B,train,ok,v1
crops_sim/S02/S02_s1_c10.png,S02,enrolled,1,B,val,ok,v1
crops_sim/S02/S02_s1_c11.png,S02,enrolled,1,C,test,ok,v1
crops_sim/S02/S02_s1_c12.png,S02,enrolled,1,C,test,ok,v1
crops/S02/S02_s1_c2.png,S02,enrolled,1,A,train,ok,v1
crops_sim_aug/S02/S02_s1_c2.png,S02,enrolled,1,B,train,ok,v1
crops/S02/S02_s1_c3.png,S02,enrolled,1,A,train,ok,v1
crops_sim_aug/S02/S02_s1_c3.png,S02,enrolled,1,B,train,ok,v1
crops/S02/S02_s1_c4.png,S02,enrolled,1,A,train,ok,v1
crops_sim_aug/S02/S02_s1_c4.png,S02,enrolled,1,B,train,ok,v1
crops/S02/S02_s1_c5.png,S02,enrolled,1,A,train,ok,v1
crops_sim_aug/S02/S02_s1_c5.png,S02,enrolled,1,B,train,ok,v1
crops/S02/S02_s1_c6.png,S02,enrolled,1,A,train,ok,v1
crops_sim_aug/S02/S02_s1_c6.png,S02,enrolled,1,B,train,ok,v1
crops/S02/S02_s1_c7.png,S02,enrolled,1,A,train,ok,v1
crops_sim_aug/S02/S02_s1_c7.png,S02,enrolled,1,B,train,ok,v1
crops/S02/S02_s1_c8.png,S02,enrolled,1,A,train,ok,v1
crops_sim_aug/S02/S02_s1_c8.png,S02,enrolled,1,B,train,ok,v1
crops_sim/S02/S02_s1_c9.png,S02,enrolled,1,B,val,ok,v1
crops/S03/S03_s1_c1.png,S03,enrolled,1,A,train,ok,v1
crops_sim_aug/S03/S03_s1_c1.png,S03,enrolled,1,B,train,ok,v1
crops_sim/S03/S03_s1_c10.png,S03,enrolled,1,B,val,ok,v1
crops_sim/S03/S03_s1_c11.png,S03,enrolled,1,C,test,ok,v1
crops_sim/S03/S03_s1_c12.png,S03,enrolled,1,C,test,ok,v1
crops/S03/S03_s1_c2.png,S03,enrolled,1,A,train,ok,v1
crops_sim_aug/S03/S03_s1_c2.png,S03,enrolled,1,B,train,ok,v1
crops/S03/S03_s1_c3.png,S03,enrolled,1,A,train,ok,v1
crops_sim_aug/S03/S03_s1_c3.png,S03,enrolled,1,B,train,ok,v1
crops/S03/S03_s1_c4.png,S03,enrolled,1,A,train,ok,v1
crops_sim_aug/S03/S03_s1_c4.png,S03,enrolled,1,B,train,ok,v1
crops/S03/S03_s1_c5.png,S03,enrolled,1,A,train,ok,v1
crops_sim_aug/S03/S03_s1_c5.png,S03,enrolled,1,B,train,ok,v1
crops/S03/S03_s1_c6.png,S03,enrolled,1,A,train,ok,v1
crops_sim_aug/S03/S03_s1_c6.png,S03,enrolled,1,B,train,ok,v1
crops/S03/S03_s1_c7.png,S03,enrolled,1,A,train,ok,v1
crops_sim_aug/S03/S03_s1_c7.png,S03,enrolled,1,B,train,ok,v1
crops/S03/S03_s1_c8.png,S03,enrolled,1,A,train,ok,v1
crops_sim_aug/S03/S03_s1_c8.png,S03,enrolled,1,B,train,ok,v1
crops_sim/S03/S03_s1_c9.png,S03,enrolled,1,B,val,ok,v1
crops/S04/S04_s1_c1.png,S04,enrolled,1,A,train,ok,v1
crops_sim_aug/S04/S04_s1_c1.png,S04,enrolled,1,B,train,ok,v1
crops_sim/S04/S04_s1_c10.png,S04,enrolled,1,B,val,ok,v1
crops_sim/S04/S04_s1_c11.png,S04,enrolled,1,C,test,ok,v1
crops_sim/S04/S04_s1_c12.png,S04,enrolled,1,C,test,ok,v1
crops/S04/S04_s1_c2.png,S04,enrolled,1,A,train,ok,v1
crops_sim_aug/S04/S04_s1_c2.png,S04,enrolled,1,B,train,ok,v1
crops/S04/S04_s1_c3.png,S04,enrolled,1,A,train,ok,v1
crops_sim_aug/S04/S04_s1_c3.png,S04,enrolled,1,B,train,ok,v1
crops/S04/S04_s1_c4.png,S04,enrolled,1,A,train,ok,v1
crops_sim_aug/S04/S04_s1_c4.png,S04,enrolled,1,B,train,ok,v1
crops/S04/S04_s1_c5.png,S04,enrolled,1,A,train,ok,v1
crops_sim_aug/S04/S04_s1_c5.png,S04,enrolled,1,B,train,ok,v1
crops/S04/S04_s1_c6.png,S04,enrolled,1,A,train,ok,v1
crops_sim_aug/S04/S04_s1_c6.png,S04,enrolled,1,B,train,ok,v1
crops/S04/S04_s1_c7.png,S04,enrolled,1,A,train,ok,v1
crops_sim_aug/S04/S04_s1_c7.png,S04,enrolled,1,B,train,ok,v1
crops/S04/S04_s1_c8.png,S04,enrolled,1,A,train,ok,v1
crops_sim_aug/S04/S04_s1_c8.png,S04,enrolled,1,B,train,ok,v1
crops_sim/S04/S04_s1_c9.png,S04,enrolled,1,B,val,ok,v1
crops/S05/S05_s1_c1.png,S05,enrolled,1,A,train,ok,v1
crops_sim_aug/S05/S05_s1_c1.png,S05,enrolled,1,B,train,ok,v1
crops_sim/S05/S05_s1_c10.png,S05,enrolled,1,B,val,ok,v1
crops_sim/S05/S05_s1_c11.png,S05,enrolled,1,C,test,ok,v1
crops_sim/S05/S05_s1_c12.png,S05,enrolled,1,C,test,ok,v1
crops/S05/S05_s1_c2.png,S05,enrolled,1,A,train,ok,v1
crops_sim_aug/S05/S05_s1_c2.png,S05,enrolled,1,B,train,ok,v1
crops/S05/S05_s1_c3.png,S05,enrolled,1,A,train,ok,v1
crops_sim_aug/S05/S05_s1_c3.png,S05,enrolled,1,B,train,ok,v1
crops/S05/S05_s1_c4.png,S05,enrolled,1,A,train,ok,v1
crops_sim_aug/S05/S05_s1_c4.png,S05,enrolled,1,B,train,ok,v1
crops/S05/S05_s1_c5.png,S05,enrolled,1,A,train,ok,v1
crops_sim_aug/S05/S05_s1_c5.png,S05,enrolled,1,B,train,ok,v1
crops/S05/S05_s1_c6.png,S05,enrolled,1,A,train,ok,v1
crops_sim_aug/S05/S05_s1_c6.png,S05,enrolled,1,B,train,ok,v1
crops/S05/S05_s1_c7.png,S05,enrolled,1,A,train,ok,v1
crops_sim_aug/S05/S05_s1_c7.png,S05,enrolled,1,B,train,ok,v1
crops/S05/S05_s1_c8.png,S05,enrolled,1,A,train,ok,v1
crops_sim_aug/S05/S05_s1_c8.png,S05,enrolled,1,B,train,ok,v1
crops_sim/S05/S05_s1_c9.png,S05,enrolled,1,B,val,ok,v1
crops/S06/S06_s1_c1.png,S06,enrolled,1,A,train,ok,v1
crops_sim_aug/S06/S06_s1_c1.png,S06,enrolled,1,B,train,ok,v1
crops_sim/S06/S06_s1_c10.png,S06,enrolled,1,B,val,ok,v1
crops_sim/S06/S06_s1_c11.png,S06,enrolled,1,C,test,ok,v1
crops_sim/S06/S06_s1_c12.png,S06,enrolled,1,C,test,ok,v1
crops/S06/S06_s1_c2.png,S06,enrolled,1,A,train,ok,v1
crops_sim_aug/S06/S06_s1_c2.png,S06,enrolled,1,B,train,ok,v1
crops/S06/S06_s1_c3.png,S06,enrolled,1,A,train,ok,v1
crops_sim_aug/S06/S06_s1_c3.png,S06,enrolled,1,B,train,ok,v1
crops/S06/S06_s1_c4.png,S06,enrolled,1,A,train,ok,v1
crops_sim_aug/S06/S06_s1_c4.png,S06,enrolled,1,B,train,ok,v1
crops/S06/S06_s1_c5.png,S06,enrolled,1,A,train,ok,v1
crops_sim_aug/S06/S06_s1_c5.png,S06,enrolled,1,B,train,ok,v1
crops/S06/S06_s1_c6.png,S06,enrolled,1,A,train,ok,v1
crops_sim_aug/S06/S06_s1_c6.png,S06,enrolled,1,B,train,ok,v1
crops/S06/S06_s1_c7.png,S06,enrolled,1,A,train,ok,v1
crops_sim_aug/S06/S06_s1_c7.png,S06,enrolled,1,B,train,ok,v1
crops/S06/S06_s1_c8.png,S06,enrolled,1,A,train,ok,v1
crops_sim_aug/S06/S06_s1_c8.png,S06,enrolled,1,B,train,ok,v1
crops_sim/S06/S06_s1_c9.png,S06,enrolled,1,B,val,ok,v1
crops/S07/S07_s1_c1.png,S07,enrolled,1,A,train,ok,v1
crops_sim_aug/S07/S07_s1_c1.png,S07,enrolled,1,B,train,ok,v1
crops_sim/S07/S07_s1_c10.png,S07,enrolled,1,B,val,ok,v1
crops_sim/S07/S07_s1_c11.png,S07,enrolled,1,C,test,ok,v1
crops_sim/S07/S07_s1_c12.png,S07,enrolled,1,C,test,ok,v1
crops/S07/S07_s1_c2.png,S07,enrolled,1,A,train,ok,v1
crops_sim_aug/S07/S07_s1_c2.png,S07,enrolled,1,B,train,ok,v1
crops/S07/S07_s1_c3.png,S07,enrolled,1,A,train,ok,v1
crops_sim_aug/S07/S07_s1_c3.png,S07,enrolled,1,B,train,ok,v1
crops/S07/S07_s1_c4.png,S07,enrolled,1,A,train,ok,v1
crops_sim_aug/S07/S07_s1_c4.png,S07,enrolled,1,B,train,ok,v1
crops/S07/S07_s1_c5.png,S07,enrolled,1,A,train,ok,v1
crops_sim_aug/S07/S07_s1_c5.png,S07,enrolled,1,B,train,ok,v1
crops/S07/S07_s1_c6.png,S07,enrolled,1,A,train,ok,v1
crops_sim_aug/S07/S07_s1_c6.png,S07,enrolled,1,B,train,ok,v1
crops/S07/S07_s1_c7.png,S07,enrolled,1,A,train,ok,v1
crops_sim_aug/S07/S07_s1_c7.png,S07,enrolled,1,B,train,ok,v1
crops/S07/S07_s1_c8.png,S07,enrolled,1,A,train,ok,v1
crops_sim_aug/S07/S07_s1_c8.png,S07,enrolled,1,B,train,ok,v1
crops_sim/S07/S07_s1_c9.png,S07,enrolled,1,B,val,ok,v1
crops/S08/S08_s1_c1.png,S08,enrolled,1,A,train,ok,v1
crops_sim_aug/S08/S08_s1_c1.png,S08,enrolled,1,B,train,ok,v1
crops_sim/S08/S08_s1_c10.png,S08,enrolled,1,B,val,ok,v1
crops_sim/S08/S08_s1_c11.png,S08,enrolled,1,C,test,ok,v1
crops_sim/S08/S08_s1_c12.png,S08,enrolled,1,C,test,ok,v1
crops/S08/S08_s1_c2.png,S08,enrolled,1,A,train,ok,v1
crops_sim_aug/S08/S08_s1_c2.png,S08,enrolled,1,B,train,ok,v1
crops/S08/S08_s1_c3.png,S08,enrolled,1,A,train,ok,v1
crops_sim_aug/S08/S08_s1_c3.png,S08,enrolled,1,B,train,ok,v1
crops/S08/S08_s1_c4.png,S08,enrolled,1,A,train,ok,v1
crops_sim_aug/S08/S08_s1_c4.png,S08,enrolled,1,B,train,ok,v1
crops/S08/S08_s1_c5.png,S08,enrolled,1,A,train,ok,v1
crops_sim_aug/S08/S08_s1_c5.png,S08,enrolled,1,B,train,ok,v1
crops/S08/S08_s1_c6.png,S08,enrolled,1,A,train,ok,v1
crops_sim_aug/S08/S08_s1_c6.png,S08,enrolled,1,B,train,ok,v1
crops/S08/S08_s1_c7.png,S08,enrolled,1,A,train,ok,v1
crops_sim_aug/S08/S08_s1_c7.png,S08,enrolled,1,B,train,ok,v1
crops/S08/S08_s1_c8.png,S08,enrolled,1,A,train,ok,v1
crops_sim_aug/S08/S08_s1_c8.png,S08,enrolled,1,B,train,ok,v1
crops_sim/S08/S08_s1_c9.png,S08,enrolled,1,B,val,ok,v1
crops/S09/S09_s1_c1.png,S09,enrolled,1,A,train,ok,v1
crops_sim_aug/S09/S09_s1_c1.png,S09,enrolled,1,B,train,ok,v1
crops_sim/S09/S09_s1_c10.png,S09,enrolled,1,B,val,ok,v1
crops_sim/S09/S09_s1_c11.png,S09,enrolled,1,C,test,ok,v1
crops_sim/S09/S09_s1_c12.png,S09,enrolled,1,C,test,ok,v1
crops/S09/S09_s1_c2.png,S09,enrolled,1,A,train,ok,v1
crops_sim_aug/S09/S09_s1_c2.png,S09,enrolled,1,B,train,ok,v1
crops/S09/S09_s1_c3.png,S09,enrolled,1,A,train,ok,v1
crops_sim_aug/S09/S09_s1_c3.png,S09,enrolled,1,B,train,ok,v1
crops/S09/S09_s1_c4.png,S09,enrolled,1,A,train,ok,v1
crops_sim_aug/S09/S09_s1_c4.png,S09,enrolled,1,B,train,ok,v1
crops/S09/S09_s1_c5.png,S09,enrolled,1,A,train,ok,v1
crops_sim_aug/S09/S09_s1_c5.png,S09,enrolled,1,B,train,ok,v1
crops/S09/S09_s1_c6.png,S09,enrolled,1,A,train,ok,v1
crops_sim_aug/S09/S09_s1_c6.png,S09,enrolled,1,B,train,ok,v1
crops/S09/S09_s1_c7.png,S09,enrolled,1,A,train,ok,v1
crops_sim_aug/S09/S09_s1_c7.png,S09,enrolled,1,B,train,ok,v1
crops/S09/S09_s1_c8.png,S09,enrolled,1,A,train,ok,v1
crops_sim_aug/S09/S09_s1_c8.png,S09,enrolled,1,B,train,ok,v1
crops_sim/S09/S09_s1_c9.png,S09,enrolled,1,B,val,ok,v1
crops/S10/S10_s1_c1.png,S10,enrolled,1,A,train,ok,v1
crops_sim_aug/S10/S10_s1_c1.png,S10,enrolled,1,B,train,ok,v1
crops_sim/S10/S10_s1_c10.png,S10,enrolled,1,B,val,ok,v1
crops_sim/S10/S10_s1_c11.png,S10,enrolled,1,C,test,ok,v1
crops_sim/S10/S10_s1_c12.png,S10,enrolled,1,C,test,ok,v1
crops/S10/S10_s1_c2.png,S10,enrolled,1,A,train,ok,v1
crops_sim_aug/S10/S10_s1_c2.png,S10,enrolled,1,B,train,ok,v1
crops/S10/S10_s1_c3.png,S10,enrolled,1,A,train,ok,v1
crops_sim_aug/S10/S10_s1_c3.png,S10,enrolled,1,B,train,ok,v1
crops/S10/S10_s1_c4.png,S10,enrolled,1,A,train,ok,v1
crops_sim_aug/S10/S10_s1_c4.png,S10,enrolled,1,B,train,ok,v1
crops/S10/S10_s1_c5.png,S10,enrolled,1,A,train,ok,v1
crops_sim_aug/S10/S10_s1_c5.png,S10,enrolled,1,B,train,ok,v1
crops/S10/S10_s1_c6.png,S10,enrolled,1,A,train,ok,v1
crops_sim_aug/S10/S10_s1_c6.png,S10,enrolled,1,B,train,ok,v1
crops/S10/S10_s1_c7.png,S10,enrolled,1,A,train,ok,v1
crops_sim_aug/S10/S10_s1_c7.png,S10,enrolled,1,B,train,ok,v1
crops/S10/S10_s1_c8.png,S10,enrolled,1,A,train,ok,v1
crops_sim_aug/S10/S10_s1_c8.png,S10,enrolled,1,B,train,ok,v1
crops_sim/S10/S10_s1_c9.png,S10,enrolled,1,B,val,ok,v1
crops/S11/S11_s1_c1.png,S11,enrolled,1,A,train,ok,v1
crops_sim_aug/S11/S11_s1_c1.png,S11,enrolled,1,B,train,ok,v1
crops_sim/S11/S11_s1_c10.png,S11,enrolled,1,B,val,ok,v1
crops_sim/S11/S11_s1_c11.png,S11,enrolled,1,C,test,ok,v1
crops_sim/S11/S11_s1_c12.png,S11,enrolled,1,C,test,ok,v1
crops/S11/S11_s1_c2.png,S11,enrolled,1,A,train,ok,v1
crops_sim_aug/S11/S11_s1_c2.png,S11,enrolled,1,B,train,ok,v1
crops/S11/S11_s1_c3.png,S11,enrolled,1,A,train,ok,v1
crops_sim_aug/S11/S11_s1_c3.png,S11,enrolled,1,B,train,ok,v1
crops/S11/S11_s1_c4.png,S11,enrolled,1,A,train,ok,v1
crops_sim_aug/S11/S11_s1_c4.png,S11,enrolled,1,B,train,ok,v1
crops/S11/S11_s1_c5.png,S11,enrolled,1,A,train,ok,v1
crops_sim_aug/S11/S11_s1_c5.png,S11,enrolled,1,B,train,ok,v1
crops/S11/S11_s1_c6.png,S11,enrolled,1,A,train,ok,v1
crops_sim_aug/S11/S11_s1_c6.png,S11,enrolled,1,B,train,ok,v1
crops/S11/S11_s1_c7.png,S11,enrolled,1,A,train,ok,v1
crops_sim_aug/S11/S11_s1_c7.png,S11,enrolled,1,B,train,ok,v1
crops/S11/S11_s1_c8.png,S11,enrolled,1,A,train,ok,v1
crops_sim_aug/S11/S11_s1_c8.png,S11,enrolled,1,B,train,ok,v1
crops_sim/S11/S11_s1_c9.png,S11,enrolled,1,B,val,ok,v1
crops/S12/S12_s1_c1.png,S12,enrolled,1,A,train,ok,v1
crops_sim_aug/S12/S12_s1_c1.png,S12,enrolled,1,B,train,ok,v1
crops_sim/S12/S12_s1_c10.png,S12,enrolled,1,B,val,ok,v1
crops_sim/S12/S12_s1_c11.png,S12,enrolled,1,C,test,ok,v1
crops_sim/S12/S12_s1_c12.png,S12,enrolled,1,C,test,ok,v1
crops/S12/S12_s1_c2.png,S12,enrolled,1,A,train,ok,v1
crops_sim_aug/S12/S12_s1_c2.png,S12,enrolled,1,B,train,ok,v1
crops/S12/S12_s1_c3.png,S12,enrolled,1,A,train,ok,v1
crops_sim_aug/S12/S12_s1_c3.png,S12,enrolled,1,B,train,ok,v1
crops/S12/S12_s1_c4.png,S12,enrolled,1,A,train,ok,v1
crops_sim_aug/S12/S12_s1_c4.png,S12,enrolled,1,B,train,ok,v1
crops/S12/S12_s1_c5.png,S12,enrolled,1,A,train,ok,v1
crops_sim_aug/S12/S12_s1_c5.png,S12,enrolled,1,B,train,ok,v1
crops/S12/S12_s1_c6.png,S12,enrolled,1,A,train,ok,v1
crops_sim_aug/S12/S12_s1_c6.png,S12,enrolled,1,B,train,ok,v1
crops/S12/S12_s1_c7.png,S12,enrolled,1,A,train,ok,v1
crops_sim_aug/S12/S12_s1_c7.png,S12,enrolled,1,B,train,ok,v1
crops/S12/S12_s1_c8.png,S12,enrolled,1,A,train,ok,v1
crops_sim_aug/S12/S12_s1_c8.png,S12,enrolled,1,B,train,ok,v1
crops_sim/S12/S12_s1_c9.png,S12,enrolled,1,B,val,ok,v1
crops/S13/S13_s1_c1.png,S13,enrolled,1,A,train,ok,v1
crops_sim_aug/S13/S13_s1_c1.png,S13,enrolled,1,B,train,ok,v1
crops_sim/S13/S13_s1_c10.png,S13,enrolled,1,B,val,ok,v1
crops_sim/S13/S13_s1_c11.png,S13,enrolled,1,C,test,ok,v1
crops_sim/S13/S13_s1_c12.png,S13,enrolled,1,C,test,ok,v1
crops/S13/S13_s1_c2.png,S13,enrolled,1,A,train,ok,v1
crops_sim_aug/S13/S13_s1_c2.png,S13,enrolled,1,B,train,ok,v1
crops/S13/S13_s1_c3.png,S13,enrolled,1,A,train,ok,v1
crops_sim_aug/S13/S13_s1_c3.png,S13,enrolled,1,B,train,ok,v1
crops/S13/S13_s1_c4.png,S13,enrolled,1,A,train,ok,v1
crops_sim_aug/S13/S13_s1_c4.png,S13,enrolled,1,B,train,ok,v1
crops/S13/S13_s1_c5.png,S13,enrolled,1,A,train,ok,v1
crops_sim_aug/S13/S13_s1_c5.png,S13,enrolled,1,B,train,ok,v1
crops/S13/S13_s1_c6.png,S13,enrolled,1,A,train,ok,v1
crops_sim_aug/S13/S13_s1_c6.png,S13,enrolled,1,B,train,ok,v1
crops/S13/S13_s1_c7.png,S13,enrolled,1,A,train,ok,v1
crops_sim_aug/S13/S13_s1_c7.png,S13,enrolled,1,B,train,ok,v1
crops/S13/S13_s1_c8.png,S13,enrolled,1,A,train,ok,v1
crops_sim_aug/S13/S13_s1_c8.png,S13,enrolled,1,B,train,ok,v1
crops_sim/S13/S13_s1_c9.png,S13,enrolled,1,B,val,ok,v1
crops/S14/S14_s1_c1.png,S14,enrolled,1,A,train,ok,v1
crops_sim_aug/S14/S14_s1_c1.png,S14,enrolled,1,B,train,ok,v1
crops_sim/S14/S14_s1_c10.png,S14,enrolled,1,B,val,ok,v1
crops_sim/S14/S14_s1_c11.png,S14,enrolled,1,C,test,ok,v1
crops_sim/S14/S14_s1_c12.png,S14,enrolled,1,C,test,ok,v1
crops/S14/S14_s1_c2.png,S14,enrolled,1,A,train,ok,v1
crops_sim_aug/S14/S14_s1_c2.png,S14,enrolled,1,B,train,ok,v1
crops/S14/S14_s1_c3.png,S14,enrolled,1,A,train,ok,v1
crops_sim_aug/S14/S14_s1_c3.png,S14,enrolled,1,B,train,ok,v1
crops/S14/S14_s1_c4.png,S14,enrolled,1,A,train,ok,v1
crops_sim_aug/S14/S14_s1_c4.png,S14,enrolled,1,B,train,ok,v1
crops/S14/S14_s1_c5.png,S14,enrolled,1,A,train,ok,v1
crops_sim_aug/S14/S14_s1_c5.png,S14,enrolled,1,B,train,ok,v1
crops/S14/S14_s1_c6.png,S14,enrolled,1,A,train,ok,v1
crops_sim_aug/S14/S14_s1_c6.png,S14,enrolled,1,B,train,ok,v1
crops/S14/S14_s1_c7.png,S14,enrolled,1,A,train,ok,v1
crops_sim_aug/S14/S14_s1_c7.png,S14,enrolled,1,B,train,ok,v1
crops/S14/S14_s1_c8.png,S14,enrolled,1,A,train,ok,v1
crops_sim_aug/S14/S14_s1_c8.png,S14,enrolled,1,B,train,ok,v1
crops_sim/S14/S14_s1_c9.png,S14,enrolled,1,B,val,ok,v1
crops/S15/S15_s1_c1.png,S15,enrolled,1,A,train,ok,v1
crops_sim_aug/S15/S15_s1_c1.png,S15,enrolled,1,B,train,ok,v1
crops_sim/S15/S15_s1_c10.png,S15,enrolled,1,B,val,ok,v1
crops_sim/S15/S15_s1_c11.png,S15,enrolled,1,C,test,ok,v1
crops_sim/S15/S15_s1_c12.png,S15,enrolled,1,C,test,ok,v1
crops/S15/S15_s1_c2.png,S15,enrolled,1,A,train,ok,v1
crops_sim_aug/S15/S15_s1_c2.png,S15,enrolled,1,B,train,ok,v1
crops/S15/S15_s1_c3.png,S15,enrolled,1,A,train,ok,v1
crops_sim_aug/S15/S15_s1_c3.png,S15,enrolled,1,B,train,ok,v1
crops/S15/S15_s1_c4.png,S15,enrolled,1,A,train,ok,v1
crops_sim_aug/S15/S15_s1_c4.png,S15,enrolled,1,B,train,ok,v1
crops/S15/S15_s1_c5.png,S15,enrolled,1,A,train,ok,v1
crops_sim_aug/S15/S15_s1_c5.png,S15,enrolled,1,B,train,ok,v1
crops/S15/S15_s1_c6.png,S15,enrolled,1,A,train,ok,v1
crops_sim_aug/S15/S15_s1_c6.png,S15,enrolled,1,B,train,ok,v1
crops/S15/S15_s1_c7.png,S15,enrolled,1,A,train,ok,v1
crops_sim_aug/S15/S15_s1_c7.png,S15,enrolled,1,B,train,ok,v1
crops/S15/S15_s1_c8.png,S15,enrolled,1,A,train,ok,v1
crops_sim_aug/S15/S15_s1_c8.png,S15,enrolled,1,B,train,ok,v1
crops_sim/S15/S15_s1_c9.png,S15,enrolled,1,B,val,ok,v1
crops_sim/U01/U01_s1_c1.png,U01,unknown,1,B,unk_val,ok,v1
crops_sim/U01/U01_s1_c10.png,U01,unknown,1,B,unk_val,ok,v1
crops_sim/U01/U01_s1_c11.png,U01,unknown,1,B,unk_val,ok,v1
crops_sim/U01/U01_s1_c12.png,U01,unknown,1,B,unk_val,ok,v1
crops_sim/U01/U01_s1_c2.png,U01,unknown,1,B,unk_val,ok,v1
crops_sim/U01/U01_s1_c3.png,U01,unknown,1,B,unk_val,ok,v1
crops_sim/U01/U01_s1_c4.png,U01,unknown,1,B,unk_val,ok,v1
crops_sim/U01/U01_s1_c5.png,U01,unknown,1,B,unk_val,ok,v1
crops_sim/U01/U01_s1_c6.png,U01,unknown,1,B,unk_val,ok,v1
crops_sim/U01/U01_s1_c7.png,U01,unknown,1,B,unk_val,ok,v1
crops_sim/U01/U01_s1_c8.png,U01,unknown,1,B,unk_val,ok,v1
crops_sim/U01/U01_s1_c9.png,U01,unknown,1,B,unk_val,ok,v1
crops_sim/U02/U02_s1_c1.png,U02,unknown,1,B,unk_val,ok,v1
crops_sim/U02/U02_s1_c10.png,U02,unknown,1,B,unk_val,ok,v1
crops_sim/U02/U02_s1_c11.png,U02,unknown,1,B,unk_val,ok,v1
crops_sim/U02/U02_s1_c12.png,U02,unknown,1,B,unk_val,ok,v1
crops_sim/U02/U02_s1_c2.png,U02,unknown,1,B,unk_val,ok,v1
crops_sim/U02/U02_s1_c3.png,U02,unknown,1,B,unk_val,ok,v1
crops_sim/U02/U02_s1_c4.png,U02,unknown,1,B,unk_val,ok,v1
crops_sim/U02/U02_s1_c5.png,U02,unknown,1,B,unk_val,ok,v1
crops_sim/U02/U02_s1_c6.png,U02,unknown,1,B,unk_val,ok,v1
crops_sim/U02/U02_s1_c7.png,U02,unknown,1,B,unk_val,ok,v1
crops_sim/U02/U02_s1_c8.png,U02,unknown,1,B,unk_val,ok,v1
crops_sim/U02/U02_s1_c9.png,U02,unknown,1,B,unk_val,ok,v1
crops_sim/U03/U03_s1_c1.png,U03,unknown,1,C,unk_test,ok,v1
crops_sim/U03/U03_s1_c10.png,U03,unknown,1,C,unk_test,ok,v1
crops_sim/U03/U03_s1_c11.png,U03,unknown,1,C,unk_test,ok,v1
crops_sim/U03/U03_s1_c12.png,U03,unknown,1,C,unk_test,ok,v1
crops_sim/U03/U03_s1_c2.png,U03,unknown,1,C,unk_test,ok,v1
crops_sim/U03/U03_s1_c3.png,U03,unknown,1,C,unk_test,ok,v1
crops_sim/U03/U03_s1_c4.png,U03,unknown,1,C,unk_test,ok,v1
crops_sim/U03/U03_s1_c5.png,U03,unknown,1,C,unk_test,ok,v1
crops_sim/U03/U03_s1_c6.png,U03,unknown,1,C,unk_test,ok,v1
crops_sim/U03/U03_s1_c7.png,U03,unknown,1,C,unk_test,ok,v1
crops_sim/U03/U03_s1_c8.png,U03,unknown,1,C,unk_test,ok,v1
crops_sim/U03/U03_s1_c9.png,U03,unknown,1,C,unk_test,ok,v1
crops_sim/U04/U04_s1_c1.png,U04,unknown,1,C,unk_test,ok,v1
crops_sim/U04/U04_s1_c10.png,U04,unknown,1,C,unk_test,ok,v1
crops_sim/U04/U04_s1_c11.png,U04,unknown,1,C,unk_test,ok,v1
crops_sim/U04/U04_s1_c12.png,U04,unknown,1,C,unk_test,ok,v1
crops_sim/U04/U04_s1_c2.png,U04,unknown,1,C,unk_test,ok,v1
crops_sim/U04/U04_s1_c3.png,U04,unknown,1,C,unk_test,ok,v1
crops_sim/U04/U04_s1_c4.png,U04,unknown,1,C,unk_test,ok,v1
crops_sim/U04/U04_s1_c5.png,U04,unknown,1,C,unk_test,ok,v1
crops_sim/U04/U04_s1_c6.png,U04,unknown,1,C,unk_test,ok,v1
crops_sim/U04/U04_s1_c7.png,U04,unknown,1,C,unk_test,ok,v1
crops_sim/U04/U04_s1_c8.png,U04,unknown,1,C,unk_test,ok,v1
crops_sim/U04/U04_s1_c9.png,U04,unknown,1,C,unk_test,ok,v1
crops_sim/U05/U05_s1_c1.png,U05,unknown,1,C,unk_test,ok,v1
crops_sim/U05/U05_s1_c10.png,U05,unknown,1,C,unk_test,ok,v1
crops_sim/U05/U05_s1_c11.png,U05,unknown,1,C,unk_test,ok,v1
crops_sim/U05/U05_s1_c12.png,U05,unknown,1,C,unk_test,ok,v1
crops_sim/U05/U05_s1_c2.png,U05,unknown,1,C,unk_test,ok,v1
crops_sim/U05/U05_s1_c3.png,U05,unknown,1,C,unk_test,ok,v1
crops_sim/U05/U05_s1_c4.png,U05,unknown,1,C,unk_test,ok,v1
crops_sim/U05/U05_s1_c5.png,U05,unknown,1,C,unk_test,ok,v1
crops_sim/U05/U05_s1_c6.png,U05,unknown,1,C,unk_test,ok,v1
crops_sim/U05/U05_s1_c7.png,U05,unknown,1,C,unk_test,ok,v1
crops_sim/U05/U05_s1_c8.png,U05,unknown,1,C,unk_test,ok,v1
crops_sim/U05/U05_s1_c9.png,U05,unknown,1,C,unk_test,ok,v1
